{
  "train_loss": 10.223628997802734,
  "val_loss": 30.858896255493164,
  "epoch": 268,
  "global_step": 76396
}